id,first_name,last_name,email,gender,age
1,Mildred,Williams,mwilliams0@miibeian.gov.cn,Female,20
2,Bobby,Daniels,bdaniels1@google.nl,Male,1
3,Ann,Baker,abaker2@unblog.fr,Female,10
4,Clarence,Lynch,clynch3@reddit.com,Male,55
5,Ruby,Gonzalez,rgonzalez4@jigsy.com,Female,79
6,Antonio,Garrett,agarrett5@plala.or.jp,Male,96
7,Lawrence,Parker,lparker6@ameblo.jp,Male,2
8,Heather,Sanders,hsanders7@flickr.com,Female,99
9,Amy,Hughes,ahughes8@pcworld.com,Female,24
10,Mildred,Wright,mwright9@loc.gov,Female,27
11,Gloria,Rivera,griveraa@princeton.edu,Female,86
12,Christopher,Weaver,cweaverb@google.com.hk,Male,73
13,Craig,Owens,cowensc@nsw.gov.au,Male,17
14,Johnny,Cook,jcookd@dedecms.com,Male,82
15,Roger,Kelley,rkelleye@cbc.ca,Male,98
16,Laura,Wheeler,lwheelerf@miitbeian.gov.cn,Female,9
17,Randy,Reyes,rreyesg@blinklist.com,Male,71
18,Lisa,Cole,lcoleh@ucsd.edu,Female,9
19,Peter,Meyer,pmeyeri@jalbum.net,Male,57
20,Joyce,Olson,jolsonj@smh.com.au,Female,7
21,Albert,Holmes,aholmesk@wikia.com,Male,33
22,Janet,Kim,jkiml@studiopress.com,Female,53
23,Rachel,Parker,rparkerm@moonfruit.com,Female,87
24,Walter,Ortiz,wortizn@photobucket.com,Male,13
25,Walter,Schmidt,wschmidto@privacy.gov.au,Male,61
26,Tina,Collins,tcollinsp@noaa.gov,Female,23
27,Jesse,Jackson,jjacksonq@seesaa.net,Male,38
28,Mildred,Gordon,mgordonr@exblog.jp,Female,9
29,Stephanie,Walker,swalkers@exblog.jp,Female,32
30,Patrick,Fisher,pfishert@diigo.com,Male,8
31,Richard,Gonzales,rgonzalesu@sciencedirect.com,Male,47
32,Lois,Duncan,lduncanv@wp.com,Female,66
33,Mildred,Hudson,mhudsonw@wordpress.org,Female,2
34,Tina,Butler,tbutlerx@wikimedia.org,Female,50
35,Robin,Simpson,rsimpsony@nature.com,Female,21
36,Johnny,Pierce,jpiercez@tripadvisor.com,Male,87
37,Richard,Lane,rlane10@flickr.com,Male,95
38,Diana,Snyder,dsnyder11@ning.com,Female,27
39,William,Hall,whall12@usgs.gov,Male,82
40,Maria,Carr,mcarr13@cyberchimps.com,Female,86
41,Sara,Myers,smyers14@samsung.com,Female,100
42,Melissa,Rivera,mrivera15@narod.ru,Female,75
43,Martin,Porter,mporter16@nps.gov,Male,11
44,Maria,Hall,mhall17@umich.edu,Female,25
45,Annie,Stephens,astephens18@admin.ch,Female,33
46,Angela,Lawson,alawson19@xrea.com,Female,37
47,Willie,Thompson,wthompson1a@mac.com,Male,44
48,Roger,Pierce,rpierce1b@jigsy.com,Male,44
49,Diane,Williamson,dwilliamson1c@nyu.edu,Female,27
50,Janet,Marshall,jmarshall1d@kickstarter.com,Female,60
51,Julie,Stone,jstone1e@mashable.com,Female,5
52,Rebecca,Rivera,rrivera1f@google.ca,Female,93
53,Gregory,Tucker,gtucker1g@hatena.ne.jp,Male,50
54,Kathryn,Simmons,ksimmons1h@webeden.co.uk,Female,12
55,Carolyn,Taylor,ctaylor1i@godaddy.com,Female,50
56,Helen,Henry,hhenry1j@hatena.ne.jp,Female,16
57,Lois,Watson,lwatson1k@chronoengine.com,Female,62
58,Roy,Hanson,rhanson1l@com.com,Male,56
59,Louis,Lawson,llawson1m@usnews.com,Male,71
60,Thomas,Arnold,tarnold1n@github.com,Male,92
61,Donald,Fields,dfields1o@globo.com,Male,35
62,Antonio,Romero,aromero1p@weibo.com,Male,27
63,Willie,Price,wprice1q@cam.ac.uk,Male,52
64,Timothy,Lopez,tlopez1r@sohu.com,Male,19
65,Benjamin,Peters,bpeters1s@angelfire.com,Male,73
66,Carol,Bryant,cbryant1t@canalblog.com,Female,87
67,Henry,Garcia,hgarcia1u@usnews.com,Male,2
68,Clarence,Myers,cmyers1v@cafepress.com,Male,6
69,Robert,Richardson,rrichardson1w@senate.gov,Male,11
70,Antonio,Murphy,amurphy1x@privacy.gov.au,Male,77
71,Scott,Stone,sstone1y@cargocollective.com,Male,84
72,Annie,Carpenter,acarpenter1z@yolasite.com,Female,8
73,Patrick,Coleman,pcoleman20@homestead.com,Male,82
74,Edward,Holmes,eholmes21@barnesandnoble.com,Male,82
75,Craig,Flores,cflores22@cpanel.net,Male,32
76,Gary,Owens,gowens23@devhub.com,Male,66
77,Mildred,Green,mgreen24@ocn.ne.jp,Female,18
78,Debra,Ellis,dellis25@xinhuanet.com,Female,38
79,Clarence,Hudson,chudson26@nature.com,Male,41
80,Lillian,Fields,lfields27@businessweek.com,Female,2
81,Julie,Long,jlong28@rakuten.co.jp,Female,48
82,Eugene,Fox,efox29@arstechnica.com,Male,62
83,Phyllis,Hanson,phanson2a@about.com,Female,43
84,Michael,Harvey,mharvey2b@about.me,Male,86
85,Daniel,Gilbert,dgilbert2c@wikia.com,Male,46
86,Earl,Wright,ewright2d@google.ru,Male,86
87,Gerald,Dean,gdean2e@paginegialle.it,Male,55
88,Andrea,Peterson,apeterson2f@wisc.edu,Female,8
89,Jason,Hunter,jhunter2g@blogs.com,Male,17
90,Joseph,Simmons,jsimmons2h@ed.gov,Male,46
91,Samuel,Andrews,sandrews2i@webmd.com,Male,15
92,Martha,Walker,mwalker2j@cbc.ca,Female,71
93,Marilyn,Kennedy,mkennedy2k@blogs.com,Female,60
94,Rachel,Young,ryoung2l@jigsy.com,Female,45
95,Elizabeth,Harrison,eharrison2m@sourceforge.net,Female,12
96,Justin,Holmes,jholmes2n@godaddy.com,Male,45
97,Brian,Snyder,bsnyder2o@fema.gov,Male,59
98,Patrick,Harper,pharper2p@nsw.gov.au,Male,69
99,Martin,Owens,mowens2q@cnn.com,Male,70
100,Justin,Ward,jward2r@dropbox.com,Male,4
101,Donna,Mcdonald,dmcdonald2s@washingtonpost.com,Female,50
102,Steven,Gonzalez,sgonzalez2t@gravatar.com,Male,80
103,Jacqueline,Hall,jhall2u@accuweather.com,Female,87
104,Brenda,Sanders,bsanders2v@spiegel.de,Female,12
105,Douglas,Stevens,dstevens2w@rediff.com,Male,8
106,Brian,Marshall,bmarshall2x@loc.gov,Male,99
107,Roger,Riley,rriley2y@bravesites.com,Male,84
108,Julia,Reynolds,jreynolds2z@vimeo.com,Female,87
109,Matthew,Fowler,mfowler30@pcworld.com,Male,72
110,Janice,Gilbert,jgilbert31@live.com,Female,95
111,Terry,Ruiz,truiz32@ed.gov,Male,36
112,Lois,Taylor,ltaylor33@smugmug.com,Female,14
113,Rose,Fernandez,rfernandez34@msn.com,Female,69
114,Steve,Chavez,schavez35@example.com,Male,35
115,Philip,Barnes,pbarnes36@soundcloud.com,Male,37
116,James,Young,jyoung37@dot.gov,Male,9
117,Alan,Nelson,anelson38@gizmodo.com,Male,96
118,Ruth,Wells,rwells39@scribd.com,Female,4
119,Lisa,George,lgeorge3a@netlog.com,Female,83
120,Catherine,Woods,cwoods3b@linkedin.com,Female,47
121,William,Jenkins,wjenkins3c@earthlink.net,Male,93
122,Jacqueline,Armstrong,jarmstrong3d@redcross.org,Female,63
123,Rachel,Schmidt,rschmidt3e@uol.com.br,Female,99
124,Ann,Armstrong,aarmstrong3f@edublogs.org,Female,30
125,Diana,Bryant,dbryant3g@ebay.co.uk,Female,86
126,Phillip,Ortiz,portiz3h@symantec.com,Male,18
127,Irene,Nguyen,inguyen3i@timesonline.co.uk,Female,71
128,Phillip,Arnold,parnold3j@army.mil,Male,31
129,Philip,Wallace,pwallace3k@ask.com,Male,64
130,Ronald,Simmons,rsimmons3l@surveymonkey.com,Male,20
131,Adam,Greene,agreene3m@baidu.com,Male,81
132,Earl,Banks,ebanks3n@wikispaces.com,Male,51
133,Howard,Thompson,hthompson3o@state.gov,Male,9
134,Joe,Allen,jallen3p@cpanel.net,Male,81
135,Marie,Olson,molson3q@scientificamerican.com,Female,72
136,Eric,Fox,efox3r@nsw.gov.au,Male,22
137,Karen,Nguyen,knguyen3s@sina.com.cn,Female,34
138,Kathleen,Perez,kperez3t@behance.net,Female,58
139,Robin,Watkins,rwatkins3u@dell.com,Female,28
140,Bruce,Fox,bfox3v@g.co,Male,93
141,Lois,Cox,lcox3w@tmall.com,Female,74
142,Jimmy,Williams,jwilliams3x@prweb.com,Male,71
143,Carol,Evans,cevans3y@ebay.com,Female,65
144,Gregory,Knight,gknight3z@liveinternet.ru,Male,23
145,Sean,Perry,sperry40@ask.com,Male,5
146,Carl,Castillo,ccastillo41@redcross.org,Male,99
147,Andrew,Lawson,alawson42@omniture.com,Male,12
148,Carlos,Cunningham,ccunningham43@istockphoto.com,Male,56
149,Martha,Sims,msims44@earthlink.net,Female,81
150,Sean,Warren,swarren45@tuttocitta.it,Male,20
151,Randy,Gonzalez,rgonzalez46@huffingtonpost.com,Male,54
152,Teresa,Sullivan,tsullivan47@tinyurl.com,Female,67
153,Irene,Brooks,ibrooks48@skype.com,Female,71
154,Anthony,Hill,ahill49@webmd.com,Male,26
155,Albert,Hall,ahall4a@nasa.gov,Male,43
156,Doris,Riley,driley4b@google.com.au,Female,87
157,Phyllis,Ryan,pryan4c@wisc.edu,Female,56
158,Joseph,Morales,jmorales4d@intel.com,Male,86
159,Amy,Hunt,ahunt4e@gov.uk,Female,77
160,Jacqueline,Olson,jolson4f@blog.com,Female,99
161,Bruce,Willis,bwillis4g@arstechnica.com,Male,95
162,Nancy,West,nwest4h@buzzfeed.com,Female,89
163,Laura,Howell,lhowell4i@printfriendly.com,Female,92
164,Steven,Kelly,skelly4j@walmart.com,Male,28
165,Nicole,Johnston,njohnston4k@addtoany.com,Female,76
166,Mildred,Day,mday4l@wunderground.com,Female,83
167,Gerald,Phillips,gphillips4m@usgs.gov,Male,32
168,Edward,George,egeorge4n@un.org,Male,88
169,Cynthia,Ramos,cramos4o@webnode.com,Female,32
170,Rachel,Webb,rwebb4p@wix.com,Female,88
171,Jacqueline,Harper,jharper4q@parallels.com,Female,63
172,Thomas,Jordan,tjordan4r@macromedia.com,Male,56
173,Michael,Mcdonald,mmcdonald4s@alibaba.com,Male,60
174,Emily,Wright,ewright4t@theatlantic.com,Female,1
175,Carolyn,Watkins,cwatkins4u@clickbank.net,Female,3
176,Carl,Ryan,cryan4v@skype.com,Male,21
177,Dorothy,Richards,drichards4w@npr.org,Female,13
178,Teresa,Stanley,tstanley4x@infoseek.co.jp,Female,36
179,Donna,Ramirez,dramirez4y@hugedomains.com,Female,22
180,Christopher,Olson,colson4z@yellowpages.com,Male,77
181,Helen,Ortiz,hortiz50@bloglovin.com,Female,7
182,Louise,Cook,lcook51@t-online.de,Female,12
183,Adam,Andrews,aandrews52@huffingtonpost.com,Male,96
184,Frances,Olson,folson53@shinystat.com,Female,22
185,Sara,Davis,sdavis54@google.ca,Female,86
186,Irene,Lopez,ilopez55@home.pl,Female,75
187,Peter,Robertson,probertson56@dailymotion.com,Male,8
188,Judith,Fowler,jfowler57@eventbrite.com,Female,50
189,Christine,Hansen,chansen58@wisc.edu,Female,50
190,Sara,Romero,sromero59@blogs.com,Female,86
191,Michael,Watson,mwatson5a@mozilla.com,Male,52
192,Emily,Stephens,estephens5b@telegraph.co.uk,Female,35
193,Rebecca,Mason,rmason5c@seattletimes.com,Female,41
194,Phyllis,Freeman,pfreeman5d@dropbox.com,Female,65
195,Patrick,Hanson,phanson5e@europa.eu,Male,10
196,Jack,Payne,jpayne5f@yolasite.com,Male,57
197,Steve,Garrett,sgarrett5g@yale.edu,Male,14
198,Katherine,Peters,kpeters5h@github.com,Female,14
199,Pamela,Crawford,pcrawford5i@examiner.com,Female,29
200,Ryan,Wells,rwells5j@un.org,Male,13
201,Helen,Wagner,hwagner5k@hibu.com,Female,38
202,Sean,Nguyen,snguyen5l@columbia.edu,Male,61
203,James,Flores,jflores5m@about.com,Male,27
204,Jane,Reyes,jreyes5n@canalblog.com,Female,5
205,Jason,Medina,jmedina5o@virginia.edu,Male,2
206,Douglas,Welch,dwelch5p@squidoo.com,Male,90
207,Aaron,Howell,ahowell5q@ihg.com,Male,14
208,Robin,Wallace,rwallace5r@ezinearticles.com,Female,99
209,Aaron,Gonzalez,agonzalez5s@yolasite.com,Male,54
210,Gerald,Rivera,grivera5t@ed.gov,Male,42
211,Lois,Fowler,lfowler5u@live.com,Female,12
212,Gloria,Howell,ghowell5v@sohu.com,Female,40
213,Heather,Ortiz,hortiz5w@nyu.edu,Female,56
214,Brenda,James,bjames5x@paginegialle.it,Female,74
215,Shirley,Welch,swelch5y@hhs.gov,Female,24
216,Roger,Powell,rpowell5z@unesco.org,Male,48
217,Sean,Williamson,swilliamson60@cbc.ca,Male,23
218,Walter,Bryant,wbryant61@histats.com,Male,83
219,Virginia,Gonzalez,vgonzalez62@zimbio.com,Female,75
220,Laura,Parker,lparker63@yahoo.com,Female,48
221,Karen,Moore,kmoore64@about.com,Female,91
222,Christina,James,cjames65@stumbleupon.com,Female,72
223,Anna,Dixon,adixon66@phoca.cz,Female,22
224,Edward,Sanders,esanders67@army.mil,Male,67
225,Mary,Miller,mmiller68@howstuffworks.com,Female,77
226,Amy,Webb,awebb69@tripod.com,Female,6
227,Jeremy,Mitchell,jmitchell6a@posterous.com,Male,91
228,Henry,Oliver,holiver6b@xing.com,Male,49
229,Jesse,Harris,jharris6c@multiply.com,Male,68
230,Sara,Edwards,sedwards6d@unblog.fr,Female,65
231,Mary,Carr,mcarr6e@mysql.com,Female,80
232,Deborah,Chavez,dchavez6f@netlog.com,Female,37
233,Mary,Ferguson,mferguson6g@slate.com,Female,29
234,Antonio,Willis,awillis6h@yahoo.co.jp,Male,32
235,Daniel,Porter,dporter6i@ucla.edu,Male,47
236,Victor,Green,vgreen6j@webeden.co.uk,Male,82
237,Laura,Parker,lparker6k@vk.com,Female,80
238,Larry,Perry,lperry6l@squidoo.com,Male,24
239,Kevin,Allen,kallen6m@irs.gov,Male,55
240,Willie,Tucker,wtucker6n@163.com,Male,51
241,Evelyn,Washington,ewashington6o@linkedin.com,Female,67
242,Sandra,King,sking6p@soup.io,Female,10
243,Michelle,Hanson,mhanson6q@nyu.edu,Female,52
244,Brian,Barnes,bbarnes6r@slideshare.net,Male,4
245,Bonnie,Hawkins,bhawkins6s@patch.com,Female,46
246,Jessica,Ford,jford6t@stumbleupon.com,Female,63
247,George,Bailey,gbailey6u@bandcamp.com,Male,94
248,Alice,Anderson,aanderson6v@opera.com,Female,16
249,Bruce,Ray,bray6w@squidoo.com,Male,88
250,Terry,Marshall,tmarshall6x@behance.net,Male,15
251,Pamela,Simpson,psimpson6y@purevolume.com,Female,69
252,Maria,Gilbert,mgilbert6z@tamu.edu,Female,98
253,Karen,Ortiz,kortiz70@gizmodo.com,Female,84
254,Marilyn,Walker,mwalker71@youtu.be,Female,3
255,Steven,George,sgeorge72@ameblo.jp,Male,94
256,James,Freeman,jfreeman73@bravesites.com,Male,40
257,Wanda,Richards,wrichards74@so-net.ne.jp,Female,79
258,Doris,Adams,dadams75@51.la,Female,54
259,Maria,Perry,mperry76@uol.com.br,Female,70
260,Christine,Chavez,cchavez77@shop-pro.jp,Female,17
261,Kathleen,Pierce,kpierce78@facebook.com,Female,80
262,Robert,Murphy,rmurphy79@cbslocal.com,Male,89
263,Marie,Moore,mmoore7a@pcworld.com,Female,66
264,Mildred,Andrews,mandrews7b@opera.com,Female,37
265,Lawrence,Ford,lford7c@ameblo.jp,Male,31
266,Theresa,Hawkins,thawkins7d@chronoengine.com,Female,74
267,Jessica,Hughes,jhughes7e@blogspot.com,Female,47
268,Deborah,Scott,dscott7f@pbs.org,Female,54
269,Nicholas,Gilbert,ngilbert7g@wiley.com,Male,12
270,Thomas,Davis,tdavis7h@simplemachines.org,Male,98
271,Joyce,Parker,jparker7i@addtoany.com,Female,99
272,Juan,Hudson,jhudson7j@ezinearticles.com,Male,76
273,Stephen,Sims,ssims7k@ibm.com,Male,60
274,Elizabeth,Stanley,estanley7l@jugem.jp,Female,92
275,Timothy,Wood,twood7m@nhs.uk,Male,15
276,Judy,Gibson,jgibson7n@home.pl,Female,68
277,Gary,Bryant,gbryant7o@desdev.cn,Male,50
278,Aaron,Taylor,ataylor7p@mashable.com,Male,97
279,Paul,Roberts,proberts7q@nationalgeographic.com,Male,52
280,Gregory,Harper,gharper7r@nps.gov,Male,51
281,Eugene,Davis,edavis7s@fda.gov,Male,30
282,Betty,Scott,bscott7t@fc2.com,Female,8
283,Heather,Fuller,hfuller7u@wired.com,Female,72
284,Amy,Martin,amartin7v@eventbrite.com,Female,94
285,Angela,Pierce,apierce7w@vimeo.com,Female,61
286,Jane,Washington,jwashington7x@census.gov,Female,6
287,Craig,Campbell,ccampbell7y@imgur.com,Male,41
288,Charles,Garrett,cgarrett7z@prweb.com,Male,95
289,Mildred,Banks,mbanks80@free.fr,Female,13
290,Stephen,Garza,sgarza81@ox.ac.uk,Male,81
291,Angela,Bailey,abailey82@amazon.co.uk,Female,6
292,Diana,Davis,ddavis83@ted.com,Female,65
293,Diana,Armstrong,darmstrong84@imgur.com,Female,73
294,Laura,Richardson,lrichardson85@bravesites.com,Female,76
295,Antonio,Stanley,astanley86@yandex.ru,Male,61
296,Dorothy,Gilbert,dgilbert87@qq.com,Female,97
297,Frances,Kim,fkim88@opera.com,Female,44
298,Jeffrey,Watkins,jwatkins89@csmonitor.com,Male,47
299,Craig,Diaz,cdiaz8a@yolasite.com,Male,86
300,Amy,Wheeler,awheeler8b@netscape.com,Female,67
301,Peter,Reynolds,preynolds8c@1688.com,Male,14
302,Sara,Williamson,swilliamson8d@friendfeed.com,Female,92
303,Christina,Stephens,cstephens8e@sun.com,Female,91
304,Eugene,Fox,efox8f@desdev.cn,Male,1
305,Susan,Holmes,sholmes8g@trellian.com,Female,5
306,Melissa,Cook,mcook8h@com.com,Female,36
307,Annie,Gibson,agibson8i@google.com,Female,97
308,Jennifer,Hunt,jhunt8j@thetimes.co.uk,Female,51
309,Joe,Arnold,jarnold8k@moonfruit.com,Male,17
310,Christopher,Fuller,cfuller8l@diigo.com,Male,39
311,Timothy,Olson,tolson8m@icq.com,Male,38
312,Carolyn,Gardner,cgardner8n@free.fr,Female,46
313,Steven,Mccoy,smccoy8o@noaa.gov,Male,74
314,Ashley,Carroll,acarroll8p@list-manage.com,Female,29
315,Walter,Brooks,wbrooks8q@blogs.com,Male,59
316,Amy,Richards,arichards8r@gnu.org,Female,52
317,Albert,Bowman,abowman8s@tripod.com,Male,22
318,Julia,Henderson,jhenderson8t@feedburner.com,Female,88
319,Gerald,Kennedy,gkennedy8u@cornell.edu,Male,57
320,Sara,Kelly,skelly8v@bbb.org,Female,23
321,Melissa,Hudson,mhudson8w@photobucket.com,Female,45
322,Mildred,Grant,mgrant8x@weather.com,Female,63
323,Donna,Mendoza,dmendoza8y@diigo.com,Female,96
324,Norma,West,nwest8z@microsoft.com,Female,82
325,Heather,Rice,hrice90@youtu.be,Female,40
326,Jessica,Ortiz,jortiz91@engadget.com,Female,1
327,Antonio,Jenkins,ajenkins92@liveinternet.ru,Male,78
328,Patrick,Wilson,pwilson93@phpbb.com,Male,38
329,Lillian,Webb,lwebb94@edublogs.org,Female,30
330,Joshua,Olson,jolson95@sciencedaily.com,Male,93
331,Louise,Butler,lbutler96@google.ca,Female,4
332,Roy,Peters,rpeters97@cornell.edu,Male,100
333,William,Fox,wfox98@etsy.com,Male,21
334,Joseph,Mccoy,jmccoy99@moonfruit.com,Male,46
335,Frances,Gibson,fgibson9a@people.com.cn,Female,43
336,Terry,Ellis,tellis9b@gizmodo.com,Male,71
337,Billy,Carr,bcarr9c@simplemachines.org,Male,43
338,Shawn,Lynch,slynch9d@unicef.org,Male,41
339,Maria,Johnson,mjohnson9e@usgs.gov,Female,55
340,Jacqueline,Mitchell,jmitchell9f@webnode.com,Female,44
341,Paul,Burns,pburns9g@state.tx.us,Male,25
342,Carolyn,Payne,cpayne9h@ameblo.jp,Female,34
343,Gregory,Gray,ggray9i@timesonline.co.uk,Male,41
344,Amy,Hawkins,ahawkins9j@skyrock.com,Female,97
345,Bobby,Sullivan,bsullivan9k@nydailynews.com,Male,48
346,Fred,Carter,fcarter9l@artisteer.com,Male,43
347,Carlos,Walker,cwalker9m@elegantthemes.com,Male,77
348,Lisa,Hicks,lhicks9n@earthlink.net,Female,33
349,Roger,Peters,rpeters9o@squarespace.com,Male,27
350,Jacqueline,Lane,jlane9p@squidoo.com,Female,23
351,Melissa,Barnes,mbarnes9q@reverbnation.com,Female,58
352,Lawrence,Young,lyoung9r@usatoday.com,Male,75
353,Evelyn,Evans,eevans9s@auda.org.au,Female,74
354,Catherine,Flores,cflores9t@csmonitor.com,Female,75
355,Judith,Reynolds,jreynolds9u@pinterest.com,Female,69
356,Jack,Butler,jbutler9v@blogspot.com,Male,6
357,Brenda,Richards,brichards9w@sbwire.com,Female,57
358,Helen,Allen,hallen9x@sohu.com,Female,58
359,George,Burns,gburns9y@over-blog.com,Male,64
360,Keith,Moore,kmoore9z@bizjournals.com,Male,36
361,Earl,Day,edaya0@slideshare.net,Male,58
362,Todd,Campbell,tcampbella1@si.edu,Male,72
363,Barbara,Harper,bharpera2@ca.gov,Female,99
364,Benjamin,Williams,bwilliamsa3@phpbb.com,Male,37
365,Eric,Harris,eharrisa4@ucoz.ru,Male,57
366,Sean,Torres,storresa5@soup.io,Male,1
367,Howard,Snyder,hsnydera6@icq.com,Male,12
368,Rose,Bailey,rbaileya7@cyberchimps.com,Female,74
369,William,Bowman,wbowmana8@scribd.com,Male,92
370,Rachel,Alexander,ralexandera9@weather.com,Female,33
371,Alan,White,awhiteaa@go.com,Male,12
372,Diane,Boyd,dboydab@nationalgeographic.com,Female,98
373,Timothy,Miller,tmillerac@go.com,Male,32
374,William,Parker,wparkerad@ow.ly,Male,53
375,Carolyn,Pierce,cpierceae@squarespace.com,Female,27
376,Elizabeth,Brown,ebrownaf@cisco.com,Female,72
377,Katherine,George,kgeorgeag@redcross.org,Female,15
378,Howard,Smith,hsmithah@icq.com,Male,63
379,Robert,Hunter,rhunterai@google.com.hk,Male,97
380,Joseph,Montgomery,jmontgomeryaj@sourceforge.net,Male,1
381,Roy,Jacobs,rjacobsak@jalbum.net,Male,74
382,Janet,Walker,jwalkeral@illinois.edu,Female,12
383,Jane,Price,jpriceam@archive.org,Female,7
384,Deborah,Cole,dcolean@home.pl,Female,78
385,Ruby,Gibson,rgibsonao@blogs.com,Female,18
386,Wanda,Hughes,whughesap@over-blog.com,Female,23
387,Beverly,Martin,bmartinaq@pinterest.com,Female,32
388,Phillip,Hart,phartar@businessinsider.com,Male,28
389,Brian,Scott,bscottas@odnoklassniki.ru,Male,93
390,Lori,Johnson,ljohnsonat@topsy.com,Female,52
391,Mark,Lawson,mlawsonau@imageshack.us,Male,63
392,Terry,Welch,twelchav@acquirethisname.com,Male,37
393,Ronald,Burton,rburtonaw@mozilla.org,Male,40
394,Theresa,Stevens,tstevensax@hubpages.com,Female,37
395,Larry,Roberts,lrobertsay@webeden.co.uk,Male,11
396,Ernest,Larson,elarsonaz@huffingtonpost.com,Male,85
397,Paul,Lawson,plawsonb0@irs.gov,Male,94
398,Phyllis,Howell,phowellb1@addthis.com,Female,51
399,Jimmy,Diaz,jdiazb2@tuttocitta.it,Male,74
400,Todd,Morgan,tmorganb3@ft.com,Male,7
401,Brian,Watson,bwatsonb4@si.edu,Male,17
402,Mildred,Walker,mwalkerb5@squidoo.com,Female,80
403,Betty,Ruiz,bruizb6@blogspot.com,Female,24
404,Jeffrey,Taylor,jtaylorb7@purevolume.com,Male,18
405,Aaron,Boyd,aboydb8@t.co,Male,43
406,Gerald,Dixon,gdixonb9@globo.com,Male,25
407,Donna,Parker,dparkerba@tiny.cc,Female,14
408,Linda,Ramos,lramosbb@examiner.com,Female,18
409,Angela,Hansen,ahansenbc@chron.com,Female,61
410,Bobby,Rose,brosebd@yolasite.com,Male,65
411,Harry,Gardner,hgardnerbe@time.com,Male,30
412,Nicholas,Baker,nbakerbf@google.fr,Male,55
413,Kathleen,Lynch,klynchbg@about.com,Female,28
414,Charles,Ellis,cellisbh@free.fr,Male,41
415,Sarah,Kennedy,skennedybi@e-recht24.de,Female,40
416,Fred,Johnson,fjohnsonbj@pbs.org,Male,6
417,Frances,Foster,ffosterbk@home.pl,Female,33
418,Melissa,Jackson,mjacksonbl@smugmug.com,Female,47
419,Shirley,Martinez,smartinezbm@ameblo.jp,Female,98
420,Irene,Nichols,inicholsbn@163.com,Female,2
421,Deborah,Rivera,driverabo@addthis.com,Female,81
422,John,Thompson,jthompsonbp@a8.net,Male,21
423,Martin,Dixon,mdixonbq@delicious.com,Male,68
424,Gerald,Stevens,gstevensbr@tripod.com,Male,100
425,Martin,Lopez,mlopezbs@huffingtonpost.com,Male,53
426,Anne,Mccoy,amccoybt@blog.com,Female,22
427,Charles,Willis,cwillisbu@gravatar.com,Male,65
428,Jessica,Russell,jrussellbv@skype.com,Female,82
429,Billy,Stevens,bstevensbw@newyorker.com,Male,43
430,Steve,Ramirez,sramirezbx@epa.gov,Male,91
431,Judy,Brown,jbrownby@virginia.edu,Female,55
432,Raymond,Grant,rgrantbz@ning.com,Male,22
433,Douglas,Clark,dclarkc0@cbsnews.com,Male,83
434,Amanda,Gilbert,agilbertc1@youtube.com,Female,50
435,Samuel,Reyes,sreyesc2@drupal.org,Male,76
436,Virginia,Graham,vgrahamc3@boston.com,Female,64
437,Kenneth,Elliott,kelliottc4@craigslist.org,Male,80
438,Raymond,Knight,rknightc5@123-reg.co.uk,Male,80
439,Jesse,Sims,jsimsc6@wix.com,Male,14
440,Edward,Warren,ewarrenc7@e-recht24.de,Male,25
441,Ronald,Jordan,rjordanc8@nymag.com,Male,92
442,Juan,Morris,jmorrisc9@bravesites.com,Male,37
443,Tina,Sanders,tsandersca@behance.net,Female,15
444,Jeffrey,Washington,jwashingtoncb@people.com.cn,Male,90
445,Frank,Morris,fmorriscc@usatoday.com,Male,51
446,Randy,Hicks,rhickscd@theguardian.com,Male,53
447,Victor,Harper,vharperce@deviantart.com,Male,15
448,George,Perez,gperezcf@chronoengine.com,Male,27
449,Dennis,Little,dlittlecg@tamu.edu,Male,53
450,Shirley,Anderson,sandersonch@gnu.org,Female,96
451,Mark,Thomas,mthomasci@msn.com,Male,70
452,Gregory,Wilson,gwilsoncj@plala.or.jp,Male,40
453,Fred,Kim,fkimck@sbwire.com,Male,61
454,Brenda,Webb,bwebbcl@nydailynews.com,Female,47
455,Susan,Clark,sclarkcm@yellowpages.com,Female,25
456,Tina,Morgan,tmorgancn@squarespace.com,Female,43
457,Cynthia,Reynolds,creynoldsco@bizjournals.com,Female,27
458,Frank,Price,fpricecp@wikia.com,Male,49
459,Steven,Patterson,spattersoncq@reference.com,Male,32
460,Sandra,Garza,sgarzacr@webs.com,Female,36
461,Larry,Williamson,lwilliamsoncs@netlog.com,Male,85
462,Andrew,Richardson,arichardsonct@woothemes.com,Male,51
463,Aaron,Carter,acartercu@indiatimes.com,Male,54
464,Donald,Spencer,dspencercv@wordpress.com,Male,5
465,Brandon,Brooks,bbrookscw@businesswire.com,Male,49
466,Samuel,Knight,sknightcx@blogspot.com,Male,100
467,Carol,Cole,ccolecy@smh.com.au,Female,58
468,Carolyn,Ramos,cramoscz@yellowbook.com,Female,44
469,Jennifer,Sims,jsimsd0@alexa.com,Female,56
470,Deborah,Rogers,drogersd1@purevolume.com,Female,15
471,Russell,Edwards,redwardsd2@parallels.com,Male,6
472,Earl,Jordan,ejordand3@deviantart.com,Male,76
473,Betty,Watson,bwatsond4@amazon.co.uk,Female,59
474,Sean,Spencer,sspencerd5@surveymonkey.com,Male,69
475,Catherine,Cooper,ccooperd6@plala.or.jp,Female,70
476,David,Turner,dturnerd7@paginegialle.it,Male,26
477,Ryan,Hall,rhalld8@cbslocal.com,Male,98
478,Judith,Carroll,jcarrolld9@pcworld.com,Female,37
479,Helen,Ross,hrossda@altervista.org,Female,49
480,Shawn,Sanders,ssandersdb@nyu.edu,Male,76
481,Sara,Lynch,slynchdc@plala.or.jp,Female,13
482,Marie,Hunt,mhuntdd@tuttocitta.it,Female,87
483,Dennis,Dixon,ddixonde@vk.com,Male,35
484,Gary,Wallace,gwallacedf@ucla.edu,Male,24
485,Sharon,Jacobs,sjacobsdg@yandex.ru,Female,66
486,Dennis,James,djamesdh@lulu.com,Male,48
487,Kathleen,Morris,kmorrisdi@alibaba.com,Female,40
488,Janice,Burke,jburkedj@godaddy.com,Female,78
489,Timothy,Dixon,tdixondk@dot.gov,Male,35
490,Thomas,James,tjamesdl@cnbc.com,Male,3
491,James,Washington,jwashingtondm@jugem.jp,Male,79
492,Frank,Dean,fdeandn@simplemachines.org,Male,82
493,Kathleen,Henry,khenrydo@g.co,Female,75
494,Catherine,Allen,callendp@creativecommons.org,Female,90
495,Bobby,Carr,bcarrdq@shareasale.com,Male,14
496,Daniel,Wright,dwrightdr@dot.gov,Male,60
497,Edward,Matthews,ematthewsds@paginegialle.it,Male,45
498,Mary,Day,mdaydt@google.es,Female,34
499,Antonio,Snyder,asnyderdu@nhs.uk,Male,12
500,Virginia,Gardner,vgardnerdv@time.com,Female,77
501,Robert,Gibson,rgibsondw@economist.com,Male,68
502,Rachel,Austin,raustindx@diigo.com,Female,10
503,Donna,Ramos,dramosdy@1und1.de,Female,62
504,Brenda,Turner,bturnerdz@ustream.tv,Female,76
505,Jimmy,Reynolds,jreynoldse0@tmall.com,Male,51
506,Deborah,Daniels,ddanielse1@naver.com,Female,41
507,Fred,Robinson,frobinsone2@mozilla.org,Male,64
508,Teresa,Patterson,tpattersone3@eventbrite.com,Female,73
509,Alice,Bradley,abradleye4@nsw.gov.au,Female,19
510,Martin,Mcdonald,mmcdonalde5@sun.com,Male,21
511,Ann,Hill,ahille6@nydailynews.com,Female,21
512,Sara,Bryant,sbryante7@lulu.com,Female,57
513,Willie,Williamson,wwilliamsone8@globo.com,Male,65
514,Pamela,Gonzales,pgonzalese9@mayoclinic.com,Female,60
515,Kevin,Rivera,kriveraea@weebly.com,Male,34
516,Kathy,Clark,kclarkeb@dyndns.org,Female,2
517,Amanda,Gardner,agardnerec@un.org,Female,62
518,Roger,Green,rgreened@odnoklassniki.ru,Male,54
519,Jean,Shaw,jshawee@cafepress.com,Female,38
520,Jonathan,Owens,jowensef@feedburner.com,Male,15
521,Robert,Martin,rmartineg@unc.edu,Male,62
522,Melissa,Knight,mknighteh@vkontakte.ru,Female,22
523,Susan,Oliver,soliverei@deliciousdays.com,Female,46
524,Daniel,Banks,dbanksej@gov.uk,Male,70
525,Emily,Bennett,ebennettek@mapquest.com,Female,12
526,Carol,Owens,cowensel@unicef.org,Female,45
527,Earl,Hart,ehartem@marketwatch.com,Male,12
528,Stephen,Harris,sharrisen@moonfruit.com,Male,33
529,Virginia,Reynolds,vreynoldseo@csmonitor.com,Female,36
530,Bonnie,Lee,bleeep@domainmarket.com,Female,55
531,Carl,Griffin,cgriffineq@yahoo.co.jp,Male,76
532,Tina,Rivera,triveraer@tripod.com,Female,85
533,Jonathan,Carter,jcarteres@wunderground.com,Male,31
534,Carl,Foster,cfosteret@uiuc.edu,Male,73
535,Julie,Evans,jevanseu@hhs.gov,Female,23
536,Fred,Hernandez,fhernandezev@vinaora.com,Male,20
537,Christopher,Stone,cstoneew@cnbc.com,Male,99
538,Margaret,Pierce,mpierceex@microsoft.com,Female,10
539,Joseph,Montgomery,jmontgomeryey@bing.com,Male,39
540,Barbara,Stone,bstoneez@nationalgeographic.com,Female,36
541,Julie,Thomas,jthomasf0@ebay.com,Female,88
542,Virginia,Gomez,vgomezf1@slideshare.net,Female,17
543,Phillip,West,pwestf2@miitbeian.gov.cn,Male,10
544,Amy,Robertson,arobertsonf3@infoseek.co.jp,Female,87
545,Carl,Gonzales,cgonzalesf4@mozilla.org,Male,31
546,Rachel,Pierce,rpiercef5@wunderground.com,Female,52
547,Tammy,Russell,trussellf6@ihg.com,Female,48
548,Carl,Robertson,crobertsonf7@stumbleupon.com,Male,100
549,Karen,Lane,klanef8@cocolog-nifty.com,Female,2
550,Walter,Evans,wevansf9@nasa.gov,Male,52
551,Linda,Montgomery,lmontgomeryfa@gov.uk,Female,17
552,Johnny,Wright,jwrightfb@omniture.com,Male,79
553,Earl,Ellis,eellisfc@hibu.com,Male,56
554,Susan,Rodriguez,srodriguezfd@geocities.com,Female,33
555,Timothy,Chavez,tchavezfe@livejournal.com,Male,43
556,Judy,Alvarez,jalvarezff@csmonitor.com,Female,91
557,Cheryl,Garcia,cgarciafg@time.com,Female,100
558,Nancy,Howell,nhowellfh@eepurl.com,Female,40
559,Sandra,Henry,shenryfi@wisc.edu,Female,23
560,Stephanie,Mccoy,smccoyfj@altervista.org,Female,69
561,Julia,Fowler,jfowlerfk@earthlink.net,Female,1
562,Ruby,Thomas,rthomasfl@nih.gov,Female,17
563,Carlos,Willis,cwillisfm@europa.eu,Male,38
564,Fred,Evans,fevansfn@fda.gov,Male,80
565,Billy,Lawrence,blawrencefo@amazonaws.com,Male,79
566,Nicholas,Graham,ngrahamfp@sciencedirect.com,Male,4
567,Jeremy,Pierce,jpiercefq@constantcontact.com,Male,89
568,Jacqueline,Stewart,jstewartfr@1und1.de,Female,56
569,Matthew,Andrews,mandrewsfs@hexun.com,Male,48
570,Adam,Reyes,areyesft@pbs.org,Male,35
571,Robin,Jordan,rjordanfu@huffingtonpost.com,Female,73
572,Steve,White,swhitefv@ovh.net,Male,13
573,Christine,Montgomery,cmontgomeryfw@yellowpages.com,Female,8
574,Donald,Nguyen,dnguyenfx@delicious.com,Male,51
575,Judy,Walker,jwalkerfy@loc.gov,Female,98
576,Kelly,Tucker,ktuckerfz@shutterfly.com,Female,37
577,Paula,Porter,pporterg0@pagesperso-orange.fr,Female,88
578,Lawrence,Chavez,lchavezg1@noaa.gov,Male,68
579,Brenda,Cruz,bcruzg2@canalblog.com,Female,54
580,Rose,Fox,rfoxg3@bbb.org,Female,20
581,Tina,Jones,tjonesg4@51.la,Female,81
582,Phillip,Hill,phillg5@macromedia.com,Male,93
583,Doris,Bowman,dbowmang6@mapy.cz,Female,45
584,Denise,Butler,dbutlerg7@free.fr,Female,40
585,Judith,Flores,jfloresg8@unesco.org,Female,55
586,Martin,Hawkins,mhawkinsg9@w3.org,Male,73
587,Elizabeth,Burke,eburkega@goo.gl,Female,50
588,Carlos,Vasquez,cvasquezgb@feedburner.com,Male,36
589,Patricia,Gonzales,pgonzalesgc@quantcast.com,Female,76
590,Elizabeth,Little,elittlegd@bigcartel.com,Female,96
591,Louise,Baker,lbakerge@redcross.org,Female,55
592,Adam,Mills,amillsgf@forbes.com,Male,95
593,David,Lee,dleegg@oakley.com,Male,51
594,Catherine,Bennett,cbennettgh@usgs.gov,Female,67
595,Nancy,Wilson,nwilsongi@fastcompany.com,Female,82
596,Harold,Stone,hstonegj@goo.gl,Male,44
597,Virginia,Watkins,vwatkinsgk@latimes.com,Female,76
598,Christopher,Stevens,cstevensgl@nature.com,Male,37
599,Angela,Kim,akimgm@spotify.com,Female,88
600,Sara,Brown,sbrowngn@networkadvertising.org,Female,34
601,Stephanie,Harvey,sharveygo@youku.com,Female,88
602,Bruce,Miller,bmillergp@senate.gov,Male,1
603,Ralph,Thompson,rthompsongq@webeden.co.uk,Male,54
604,Diane,Kelly,dkellygr@dropbox.com,Female,39
605,Betty,Bell,bbellgs@surveymonkey.com,Female,91
606,Joshua,Bennett,jbennettgt@ovh.net,Male,7
607,Anthony,Gardner,agardnergu@wordpress.org,Male,31
608,Adam,Torres,atorresgv@istockphoto.com,Male,47
609,Brenda,Wilson,bwilsongw@sciencedirect.com,Female,22
610,Lisa,Frazier,lfraziergx@e-recht24.de,Female,19
611,Bonnie,Vasquez,bvasquezgy@apple.com,Female,66
612,John,Garza,jgarzagz@smh.com.au,Male,47
613,Matthew,Burke,mburkeh0@scribd.com,Male,100
614,Rose,Baker,rbakerh1@marketwatch.com,Female,69
615,Shawn,Myers,smyersh2@soup.io,Male,42
616,Adam,Wagner,awagnerh3@loc.gov,Male,31
617,Karen,Morris,kmorrish4@webmd.com,Female,37
618,Michelle,Rose,mroseh5@arizona.edu,Female,50
619,Kathryn,Ward,kwardh6@surveymonkey.com,Female,61
620,Sarah,Willis,swillish7@51.la,Female,5
621,Judy,Burton,jburtonh8@exblog.jp,Female,15
622,Peter,Lane,planeh9@earthlink.net,Male,36
623,Larry,Watson,lwatsonha@upenn.edu,Male,100
624,Dorothy,Robertson,drobertsonhb@fotki.com,Female,38
625,Lisa,Myers,lmyershc@angelfire.com,Female,82
626,Eric,Mason,emasonhd@wp.com,Male,70
627,Margaret,Gordon,mgordonhe@sciencedirect.com,Female,27
628,Phyllis,Rivera,priverahf@gmpg.org,Female,44
629,Heather,Porter,hporterhg@technorati.com,Female,74
630,Sarah,Kennedy,skennedyhh@about.com,Female,8
631,Louise,Taylor,ltaylorhi@google.ca,Female,84
632,Anna,Wallace,awallacehj@domainmarket.com,Female,57
633,Jason,Bradley,jbradleyhk@wikimedia.org,Male,77
634,Michelle,Hunt,mhunthl@ibm.com,Female,19
635,Charles,Sullivan,csullivanhm@eventbrite.com,Male,20
636,Lisa,Roberts,lrobertshn@shop-pro.jp,Female,36
637,Angela,Cooper,acooperho@archive.org,Female,30
638,Julie,Greene,jgreenehp@google.co.jp,Female,51
639,Stephen,Thompson,sthompsonhq@w3.org,Male,85
640,Chris,Ramos,cramoshr@home.pl,Male,88
641,Jack,Grant,jgranths@wordpress.org,Male,10
642,Cheryl,Spencer,cspencerht@gnu.org,Female,96
643,Philip,Allen,pallenhu@amazon.co.jp,Male,89
644,Ruth,Fisher,rfisherhv@walmart.com,Female,2
645,Joan,Boyd,jboydhw@indiegogo.com,Female,5
646,Earl,Day,edayhx@miitbeian.gov.cn,Male,39
647,Fred,Banks,fbankshy@odnoklassniki.ru,Male,42
648,William,Payne,wpaynehz@angelfire.com,Male,40
649,Julia,Washington,jwashingtoni0@usnews.com,Female,92
650,Shawn,Lewis,slewisi1@tamu.edu,Male,46
651,Steven,Evans,sevansi2@blog.com,Male,79
652,Phyllis,Arnold,parnoldi3@ft.com,Female,86
653,Nicole,Howard,nhowardi4@ustream.tv,Female,46
654,Jesse,Morris,jmorrisi5@dyndns.org,Male,23
655,Susan,Stone,sstonei6@github.com,Female,95
656,Ralph,Wagner,rwagneri7@jalbum.net,Male,3
657,Virginia,Freeman,vfreemani8@prlog.org,Female,17
658,Carl,Harrison,charrisoni9@odnoklassniki.ru,Male,13
659,Michael,Adams,madamsia@i2i.jp,Male,55
660,Jennifer,Price,jpriceib@plala.or.jp,Female,36
661,Mary,Duncan,mduncanic@dailymail.co.uk,Female,54
662,Emily,Jenkins,ejenkinsid@google.es,Female,41
663,Eugene,Grant,egrantie@usnews.com,Male,23
664,Diana,Carter,dcarterif@bigcartel.com,Female,79
665,Randy,Russell,rrussellig@hibu.com,Male,55
666,Benjamin,Watkins,bwatkinsih@slate.com,Male,14
667,Thomas,Smith,tsmithii@weebly.com,Male,99
668,Raymond,Ortiz,rortizij@slideshare.net,Male,24
669,Jack,Tucker,jtuckerik@google.de,Male,12
670,Douglas,Reed,dreedil@networksolutions.com,Male,74
671,Teresa,Patterson,tpattersonim@merriam-webster.com,Female,20
672,Kathy,Austin,kaustinin@example.com,Female,62
673,Diane,Lee,dleeio@tripadvisor.com,Female,45
674,Teresa,Cooper,tcooperip@sourceforge.net,Female,78
675,Chris,Cruz,ccruziq@census.gov,Male,16
676,Fred,Chavez,fchavezir@scientificamerican.com,Male,82
677,Cheryl,Shaw,cshawis@opensource.org,Female,28
678,Amy,Welch,awelchit@yahoo.com,Female,70
679,Cheryl,Brooks,cbrooksiu@feedburner.com,Female,88
680,Albert,Montgomery,amontgomeryiv@imageshack.us,Male,53
681,Amy,Watkins,awatkinsiw@telegraph.co.uk,Female,77
682,Helen,Kim,hkimix@bravesites.com,Female,7
683,Wayne,Campbell,wcampbelliy@telegraph.co.uk,Male,77
684,Kevin,Sanchez,ksancheziz@tripadvisor.com,Male,2
685,Eric,Brown,ebrownj0@bbb.org,Male,49
686,Martha,Little,mlittlej1@slate.com,Female,85
687,Lillian,Hayes,lhayesj2@is.gd,Female,12
688,Walter,Marshall,wmarshallj3@issuu.com,Male,9
689,Juan,Carroll,jcarrollj4@nbcnews.com,Male,77
690,Karen,Phillips,kphillipsj5@whitehouse.gov,Female,92
691,Aaron,Butler,abutlerj6@technorati.com,Male,86
692,Martha,Hudson,mhudsonj7@imdb.com,Female,53
693,Julie,Perez,jperezj8@macromedia.com,Female,43
694,Helen,Cunningham,hcunninghamj9@msu.edu,Female,79
695,Marie,Torres,mtorresja@dot.gov,Female,5
696,Kathy,Andrews,kandrewsjb@csmonitor.com,Female,84
697,Rose,Webb,rwebbjc@stumbleupon.com,Female,19
698,Alice,Duncan,aduncanjd@webeden.co.uk,Female,43
699,Shawn,Bryant,sbryantje@virginia.edu,Male,67
700,Charles,Greene,cgreenejf@admin.ch,Male,10
701,Barbara,Rogers,brogersjg@pbs.org,Female,19
702,Christina,Barnes,cbarnesjh@mlb.com,Female,57
703,Cynthia,Fox,cfoxji@prnewswire.com,Female,61
704,Willie,Cole,wcolejj@statcounter.com,Male,85
705,Joe,Andrews,jandrewsjk@blogger.com,Male,88
706,Victor,Howard,vhowardjl@google.es,Male,9
707,Helen,Russell,hrusselljm@harvard.edu,Female,95
708,Margaret,Lopez,mlopezjn@hostgator.com,Female,78
709,Jane,Collins,jcollinsjo@dagondesign.com,Female,88
710,Cheryl,Wheeler,cwheelerjp@freewebs.com,Female,77
711,Pamela,Kim,pkimjq@topsy.com,Female,42
712,Angela,Marshall,amarshalljr@angelfire.com,Female,49
713,Cynthia,Scott,cscottjs@imageshack.us,Female,95
714,Joe,Burton,jburtonjt@barnesandnoble.com,Male,80
715,Virginia,Cook,vcookju@nydailynews.com,Female,59
716,Deborah,Roberts,drobertsjv@hc360.com,Female,30
717,Mildred,Riley,mrileyjw@alibaba.com,Female,31
718,Clarence,Bishop,cbishopjx@fda.gov,Male,64
719,Frances,Perez,fperezjy@plala.or.jp,Female,82
720,Mary,Garza,mgarzajz@photobucket.com,Female,9
721,Deborah,Myers,dmyersk0@reference.com,Female,92
722,Sharon,Porter,sporterk1@facebook.com,Female,91
723,Charles,Daniels,cdanielsk2@tinypic.com,Male,22
724,William,Dixon,wdixonk3@goo.ne.jp,Male,62
725,Clarence,Sullivan,csullivank4@booking.com,Male,24
726,Helen,Banks,hbanksk5@slideshare.net,Female,35
727,Denise,Perez,dperezk6@state.tx.us,Female,40
728,Kathryn,Morris,kmorrisk7@thetimes.co.uk,Female,41
729,Timothy,Ryan,tryank8@cnn.com,Male,66
730,Janice,Ryan,jryank9@ibm.com,Female,79
731,Jason,Rose,jroseka@time.com,Male,39
732,Carolyn,Martin,cmartinkb@oakley.com,Female,49
733,Lori,Miller,lmillerkc@altervista.org,Female,20
734,Lori,Hunter,lhunterkd@opensource.org,Female,85
735,Phyllis,Watkins,pwatkinske@usda.gov,Female,74
736,Antonio,Gomez,agomezkf@disqus.com,Male,14
737,Johnny,Jordan,jjordankg@yandex.ru,Male,2
738,Beverly,Hill,bhillkh@hc360.com,Female,55
739,Julia,Gray,jgrayki@sciencedaily.com,Female,52
740,Jonathan,Boyd,jboydkj@columbia.edu,Male,97
741,Jean,Frazier,jfrazierkk@mashable.com,Female,55
742,Cheryl,Ryan,cryankl@harvard.edu,Female,60
743,Dorothy,Morgan,dmorgankm@google.de,Female,27
744,Katherine,Lee,kleekn@ucsd.edu,Female,91
745,Patricia,Harper,pharperko@umn.edu,Female,30
746,Thomas,Sims,tsimskp@techcrunch.com,Male,65
747,Linda,Duncan,lduncankq@nature.com,Female,57
748,Rachel,Young,ryoungkr@123-reg.co.uk,Female,65
749,Steven,Gonzalez,sgonzalezks@phpbb.com,Male,56
750,Shawn,Dean,sdeankt@google.com.br,Male,34
751,Edward,Torres,etorresku@tumblr.com,Male,3
752,Harold,Howell,hhowellkv@topsy.com,Male,30
753,Anne,Reed,areedkw@timesonline.co.uk,Female,90
754,Scott,Ruiz,sruizkx@yale.edu,Male,70
755,Michael,Wilson,mwilsonky@house.gov,Male,41
756,Eugene,Simmons,esimmonskz@amazon.co.uk,Male,63
757,Janet,Harrison,jharrisonl0@google.ru,Female,46
758,Eugene,Mills,emillsl1@mlb.com,Male,62
759,Daniel,Fisher,dfisherl2@nytimes.com,Male,47
760,Roger,Lewis,rlewisl3@github.io,Male,34
761,Alice,Williams,awilliamsl4@bizjournals.com,Female,47
762,Kathy,Jackson,kjacksonl5@eepurl.com,Female,31
763,Robin,Stone,rstonel6@statcounter.com,Female,6
764,Lawrence,Lewis,llewisl7@cdc.gov,Male,12
765,Johnny,Burns,jburnsl8@usgs.gov,Male,18
766,Wanda,Morgan,wmorganl9@google.com.br,Female,96
767,Mildred,Hart,mhartla@thetimes.co.uk,Female,52
768,Shawn,Grant,sgrantlb@eventbrite.com,Male,11
769,Margaret,Garcia,mgarcialc@exblog.jp,Female,98
770,Rebecca,Chavez,rchavezld@home.pl,Female,19
771,Laura,Clark,lclarkle@stumbleupon.com,Female,13
772,Robert,Shaw,rshawlf@goo.gl,Male,8
773,Arthur,Olson,aolsonlg@statcounter.com,Male,81
774,John,Henderson,jhendersonlh@tamu.edu,Male,87
775,Paul,Romero,promeroli@newyorker.com,Male,56
776,Jonathan,Black,jblacklj@webeden.co.uk,Male,95
777,Chris,Carroll,ccarrolllk@illinois.edu,Male,70
778,Sarah,Berry,sberryll@google.com.hk,Female,71
779,Jack,Sanchez,jsanchezlm@paypal.com,Male,66
780,Helen,Shaw,hshawln@reddit.com,Female,60
781,Jane,Wilson,jwilsonlo@indiegogo.com,Female,47
782,Andrea,Andrews,aandrewslp@github.com,Female,60
783,Jimmy,Daniels,jdanielslq@godaddy.com,Male,91
784,Arthur,Mcdonald,amcdonaldlr@networkadvertising.org,Male,84
785,Barbara,Evans,bevansls@economist.com,Female,14
786,Ernest,Russell,erusselllt@biglobe.ne.jp,Male,95
787,Albert,Peterson,apetersonlu@vk.com,Male,76
788,Ronald,Hill,rhilllv@salon.com,Male,20
789,Matthew,Shaw,mshawlw@xinhuanet.com,Male,78
790,Robert,Thomas,rthomaslx@tinyurl.com,Male,75
791,Michelle,Larson,mlarsonly@etsy.com,Female,67
792,Teresa,Brooks,tbrookslz@china.com.cn,Female,61
793,Douglas,Hughes,dhughesm0@flickr.com,Male,51
794,Arthur,Mcdonald,amcdonaldm1@storify.com,Male,70
795,Theresa,Garza,tgarzam2@mayoclinic.com,Female,66
796,Sarah,Murphy,smurphym3@facebook.com,Female,14
797,Elizabeth,Thomas,ethomasm4@squarespace.com,Female,53
798,Clarence,Vasquez,cvasquezm5@ning.com,Male,72
799,Ryan,Butler,rbutlerm6@guardian.co.uk,Male,52
800,Frank,Collins,fcollinsm7@shareasale.com,Male,75
801,Dorothy,Andrews,dandrewsm8@dailymotion.com,Female,21
802,Robert,Peterson,rpetersonm9@cloudflare.com,Male,73
803,Kelly,Owens,kowensma@adobe.com,Female,26
804,Willie,Montgomery,wmontgomerymb@taobao.com,Male,32
805,Barbara,Riley,brileymc@bloomberg.com,Female,60
806,Kathryn,Chapman,kchapmanmd@ezinearticles.com,Female,44
807,Nancy,Ramos,nramosme@ucla.edu,Female,47
808,Jean,Nguyen,jnguyenmf@xing.com,Female,5
809,Howard,Edwards,hedwardsmg@freewebs.com,Male,4
810,Karen,Hawkins,khawkinsmh@springer.com,Female,45
811,Adam,Holmes,aholmesmi@house.gov,Male,35
812,Larry,Barnes,lbarnesmj@apple.com,Male,66
813,Jean,Cooper,jcoopermk@blogs.com,Female,63
814,Robert,Black,rblackml@engadget.com,Male,1
815,Brandon,Dean,bdeanmm@hao123.com,Male,72
816,Philip,Washington,pwashingtonmn@oaic.gov.au,Male,51
817,Barbara,Boyd,bboydmo@utexas.edu,Female,76
818,Maria,Ruiz,mruizmp@archive.org,Female,63
819,Aaron,Crawford,acrawfordmq@gmpg.org,Male,28
820,Carolyn,Weaver,cweavermr@taobao.com,Female,28
821,Jennifer,Pierce,jpiercems@uol.com.br,Female,20
822,Terry,Howell,thowellmt@woothemes.com,Male,35
823,Adam,West,awestmu@gravatar.com,Male,31
824,Russell,Murphy,rmurphymv@mediafire.com,Male,84
825,Linda,Burton,lburtonmw@ezinearticles.com,Female,50
826,Marilyn,Olson,molsonmx@wordpress.org,Female,44
827,Doris,Simmons,dsimmonsmy@earthlink.net,Female,13
828,Annie,Sanders,asandersmz@seattletimes.com,Female,51
829,Jesse,Montgomery,jmontgomeryn0@bloomberg.com,Male,94
830,Thomas,Hernandez,thernandezn1@mozilla.org,Male,13
831,Karen,Murphy,kmurphyn2@instagram.com,Female,19
832,Raymond,Harper,rharpern3@instagram.com,Male,37
833,Billy,Cunningham,bcunninghamn4@house.gov,Male,96
834,Angela,Knight,aknightn5@posterous.com,Female,14
835,Irene,Duncan,iduncann6@printfriendly.com,Female,57
836,Louise,Jacobs,ljacobsn7@goo.ne.jp,Female,87
837,Emily,Bishop,ebishopn8@umn.edu,Female,25
838,Judith,Lewis,jlewisn9@theatlantic.com,Female,58
839,Kevin,Nguyen,knguyenna@sun.com,Male,93
840,Donald,Franklin,dfranklinnb@mysql.com,Male,30
841,Joe,Ward,jwardnc@dedecms.com,Male,68
842,Arthur,Allen,aallennd@taobao.com,Male,62
843,Amanda,Hawkins,ahawkinsne@example.com,Female,27
844,Anthony,Perry,aperrynf@cisco.com,Male,23
845,Steve,Fuller,sfullerng@diigo.com,Male,97
846,Jean,Spencer,jspencernh@narod.ru,Female,49
847,Gregory,Walker,gwalkerni@mayoclinic.com,Male,89
848,Harry,Harrison,hharrisonnj@ebay.com,Male,11
849,Raymond,Johnson,rjohnsonnk@xinhuanet.com,Male,16
850,Margaret,Miller,mmillernl@flickr.com,Female,8
851,Jessica,Bryant,jbryantnm@marketwatch.com,Female,94
852,Helen,Peters,hpetersnn@weibo.com,Female,1
853,Ann,Ross,arossno@wikia.com,Female,39
854,Shirley,Lopez,slopeznp@toplist.cz,Female,46
855,Randy,Daniels,rdanielsnq@amazon.co.uk,Male,94
856,James,Hawkins,jhawkinsnr@wired.com,Male,25
857,Timothy,Warren,twarrenns@xing.com,Male,40
858,Joyce,Dixon,jdixonnt@timesonline.co.uk,Female,81
859,Margaret,Hayes,mhayesnu@de.vu,Female,50
860,Jeremy,Graham,jgrahamnv@vistaprint.com,Male,57
861,Carol,Hughes,chughesnw@smh.com.au,Female,51
862,Brian,Smith,bsmithnx@weather.com,Male,89
863,Harold,Marshall,hmarshallny@posterous.com,Male,93
864,Angela,Ford,afordnz@gmpg.org,Female,97
865,Matthew,Miller,mmillero0@amazon.de,Male,62
866,Maria,Dixon,mdixono1@jimdo.com,Female,21
867,Martha,Allen,malleno2@cam.ac.uk,Female,27
868,Wayne,Lawrence,wlawrenceo3@cargocollective.com,Male,37
869,Kenneth,Frazier,kfraziero4@europa.eu,Male,48
870,Doris,Hill,dhillo5@illinois.edu,Female,8
871,Kelly,Myers,kmyerso6@scribd.com,Female,44
872,Betty,Mendoza,bmendozao7@sogou.com,Female,62
873,Ann,Edwards,aedwardso8@economist.com,Female,95
874,Gregory,Kim,gkimo9@spiegel.de,Male,88
875,Gregory,Lewis,glewisoa@discuz.net,Male,28
876,Christopher,Nichols,cnicholsob@cisco.com,Male,99
877,Denise,Wilson,dwilsonoc@miibeian.gov.cn,Female,23
878,Albert,Gomez,agomezod@usgs.gov,Male,24
879,Karen,Roberts,krobertsoe@unblog.fr,Female,63
880,Julie,Peters,jpetersof@webs.com,Female,100
881,Randy,Jenkins,rjenkinsog@sogou.com,Male,7
882,Kathy,Little,klittleoh@instagram.com,Female,76
883,Beverly,Moreno,bmorenooi@wordpress.com,Female,79
884,Jesse,Rivera,jriveraoj@guardian.co.uk,Male,87
885,Lawrence,Stephens,lstephensok@smh.com.au,Male,44
886,Matthew,Richardson,mrichardsonol@youtu.be,Male,25
887,Adam,West,awestom@vistaprint.com,Male,44
888,Ryan,Griffin,rgriffinon@exblog.jp,Male,25
889,Susan,Jacobs,sjacobsoo@ycombinator.com,Female,66
890,Sandra,Payne,spayneop@telegraph.co.uk,Female,69
891,Jeffrey,Holmes,jholmesoq@toplist.cz,Male,73
892,Timothy,Duncan,tduncanor@macromedia.com,Male,72
893,Thomas,Duncan,tduncanos@sbwire.com,Male,36
894,Christina,Armstrong,carmstrongot@google.ca,Female,84
895,Jack,Welch,jwelchou@github.io,Male,60
896,Shirley,Peters,spetersov@yolasite.com,Female,35
897,Steve,Green,sgreenow@google.co.uk,Male,61
898,Chris,Fields,cfieldsox@army.mil,Male,92
899,Diane,Kelly,dkellyoy@topsy.com,Female,42
900,Andrea,Morales,amoralesoz@issuu.com,Female,51
901,Dennis,Cook,dcookp0@ow.ly,Male,19
902,Evelyn,Williamson,ewilliamsonp1@vk.com,Female,78
903,Marilyn,Cook,mcookp2@craigslist.org,Female,52
904,Julie,Berry,jberryp3@utexas.edu,Female,95
905,Karen,Palmer,kpalmerp4@mit.edu,Female,56
906,Juan,Flores,jfloresp5@gravatar.com,Male,3
907,Bobby,Ford,bfordp6@oakley.com,Male,54
908,Dorothy,Henry,dhenryp7@berkeley.edu,Female,47
909,Martin,Foster,mfosterp8@constantcontact.com,Male,59
910,Karen,Riley,krileyp9@addtoany.com,Female,47
911,Kathryn,Shaw,kshawpa@nba.com,Female,33
912,Patrick,Gordon,pgordonpb@webeden.co.uk,Male,48
913,Chris,Gardner,cgardnerpc@digg.com,Male,31
914,Shawn,Bell,sbellpd@furl.net,Male,81
915,Denise,Garcia,dgarciape@gmpg.org,Female,87
916,Bruce,Johnston,bjohnstonpf@linkedin.com,Male,21
917,Cynthia,Reyes,creyespg@ted.com,Female,58
918,Dennis,Stanley,dstanleyph@t-online.de,Male,39
919,Mary,Oliver,moliverpi@free.fr,Female,38
920,Rose,Long,rlongpj@scribd.com,Female,80
921,Shawn,Collins,scollinspk@ycombinator.com,Male,85
922,Paul,Burke,pburkepl@sbwire.com,Male,73
923,Victor,Butler,vbutlerpm@youtu.be,Male,37
924,Todd,Bishop,tbishoppn@house.gov,Male,36
925,Jason,Carroll,jcarrollpo@newsvine.com,Male,41
926,Martin,Warren,mwarrenpp@ed.gov,Male,60
927,Justin,Marshall,jmarshallpq@yandex.ru,Male,67
928,Howard,Allen,hallenpr@homestead.com,Male,8
929,Kevin,Harper,kharperps@census.gov,Male,91
930,Andrew,Little,alittlept@telegraph.co.uk,Male,21
931,Emily,Ray,eraypu@feedburner.com,Female,75
932,Sharon,Rogers,srogerspv@trellian.com,Female,100
933,Ruth,Ward,rwardpw@redcross.org,Female,62
934,Rachel,Larson,rlarsonpx@vistaprint.com,Female,70
935,Jose,Powell,jpowellpy@linkedin.com,Male,99
936,Maria,Flores,mflorespz@vinaora.com,Female,28
937,Denise,Powell,dpowellq0@ezinearticles.com,Female,78
938,Dorothy,Hamilton,dhamiltonq1@examiner.com,Female,69
939,Philip,Olson,polsonq2@addthis.com,Male,71
940,Andrea,Meyer,ameyerq3@cdc.gov,Female,1
941,Marie,Richardson,mrichardsonq4@cmu.edu,Female,12
942,Earl,Porter,eporterq5@cocolog-nifty.com,Male,10
943,Charles,Knight,cknightq6@disqus.com,Male,65
944,Stephen,Medina,smedinaq7@pagesperso-orange.fr,Male,100
945,Russell,Mcdonald,rmcdonaldq8@g.co,Male,95
946,Denise,Stephens,dstephensq9@bloomberg.com,Female,68
947,Kimberly,Bradley,kbradleyqa@who.int,Female,72
948,Larry,Turner,lturnerqb@nyu.edu,Male,67
949,Benjamin,Hamilton,bhamiltonqc@alexa.com,Male,8
950,Craig,Garza,cgarzaqd@discuz.net,Male,92
951,Samuel,Lawson,slawsonqe@google.com,Male,34
952,Karen,Phillips,kphillipsqf@netlog.com,Female,61
953,Alice,Porter,aporterqg@netscape.com,Female,59
954,Norma,Robertson,nrobertsonqh@redcross.org,Female,65
955,Jose,Banks,jbanksqi@reverbnation.com,Male,82
956,Janet,Fisher,jfisherqj@xinhuanet.com,Female,81
957,David,Gonzales,dgonzalesqk@a8.net,Male,51
958,Carl,Stephens,cstephensql@a8.net,Male,52
959,Bruce,Simpson,bsimpsonqm@upenn.edu,Male,21
960,Patricia,Wood,pwoodqn@4shared.com,Female,26
961,Sarah,Walker,swalkerqo@webeden.co.uk,Female,99
962,Paula,Moreno,pmorenoqp@fema.gov,Female,62
963,Rebecca,Fisher,rfisherqq@usgs.gov,Female,44
964,Eugene,Garza,egarzaqr@skyrock.com,Male,19
965,Shirley,Long,slongqs@newyorker.com,Female,12
966,Kevin,Carr,kcarrqt@umn.edu,Male,95
967,Diana,Barnes,dbarnesqu@sphinn.com,Female,16
968,Edward,Williams,ewilliamsqv@tamu.edu,Male,43
969,Sarah,Jones,sjonesqw@rakuten.co.jp,Female,23
970,Helen,Coleman,hcolemanqx@seattletimes.com,Female,59
971,Helen,Mccoy,hmccoyqy@w3.org,Female,80
972,Jeremy,Mccoy,jmccoyqz@multiply.com,Male,95
973,Jacqueline,Chavez,jchavezr0@simplemachines.org,Female,38
974,Chris,Murphy,cmurphyr1@is.gd,Male,94
975,Bobby,Chapman,bchapmanr2@hao123.com,Male,34
976,Gerald,West,gwestr3@disqus.com,Male,35
977,Antonio,James,ajamesr4@mediafire.com,Male,8
978,Johnny,Carr,jcarrr5@cornell.edu,Male,30
979,Jesse,Roberts,jrobertsr6@usda.gov,Male,29
980,Stephen,Shaw,sshawr7@nydailynews.com,Male,51
981,John,Kelley,jkelleyr8@yahoo.com,Male,95
982,Randy,Black,rblackr9@bloglines.com,Male,91
983,Earl,Lynch,elynchra@pcworld.com,Male,19
984,Roy,Hamilton,rhamiltonrb@yelp.com,Male,13
985,Arthur,Sanders,asandersrc@shinystat.com,Male,95
986,Bonnie,Crawford,bcrawfordrd@arstechnica.com,Female,63
987,Harry,Washington,hwashingtonre@newyorker.com,Male,16
988,Frances,Welch,fwelchrf@tmall.com,Female,30
989,Terry,Perez,tperezrg@salon.com,Male,96
990,Scott,Richards,srichardsrh@zimbio.com,Male,5
991,Ernest,Henry,ehenryri@dell.com,Male,51
992,David,Garcia,dgarciarj@noaa.gov,Male,80
993,Jessica,Vasquez,jvasquezrk@cnn.com,Female,6
994,Lori,Reed,lreedrl@usnews.com,Female,7
995,Jonathan,Gonzalez,jgonzalezrm@spiegel.de,Male,91
996,David,Matthews,dmatthewsrn@stumbleupon.com,Male,56
997,Alice,Bradley,abradleyro@ftc.gov,Female,83
998,Lori,Howell,lhowellrp@newyorker.com,Female,68
999,Cynthia,Gordon,cgordonrq@tmall.com,Female,87
1000,Steven,Howell,showellrr@nba.com,Male,37
